"","x"
"Acne",14.6039516714458
"Gender",0
"Age",0
"Skin_type",0
"Sensitive_skin",0
"Genetic",0
"Ethnicity",0
"Household_income",0
"Living_expenses",0
"Grade",0
"Smoking",0
"Drinking",0
"Physical_activity",0
"Sleep_duration",0
"Using_EP",0
"Caring_sunscreen",0
"Measure_against_sunscreen",0
"Using_SCP",0
"Using_SCP_cleaning",0
"Using_SCP_moisturizin",0
"Using_SCP_sunscreen",0
"Using_SCP_whitening",0
"Using_SCP_oil_control",0
"Using_SCP_shumin",0
"Using_SCP_anti.aging",0
"Using_SCP_cosmetics",0
"IR_oilyfood",0
"IR_spicyfood",0
"IR_lightfood",0
"IR_saltyfood",0
"IR_seafood",0
"IR_bitterfood",0
"IR_milkfood",0
"IR_sourfood",0
"IR_sweetfood",0
"IR_hotfood",0
"Measures_against_air_pollution",0
"Water_drinking",0
"BMI",0
"Menstrual_cycle",0
"Menstrual_blood_volume",0
"Menstrual_colic",0
"PHQ9",0
"Daylight",0
"Temperature",0
"Relative_humidity",0
"CO",0
"NO2",0
"O3",0
"PM2.5",0
"SO2",0
"NDVI",0
"Denpop",0
"Den_KFC_McDold.s",0
"Den_hotpot_restaurant",0
"Den_milktea_shop",0
"Den_barbecue_shop",0
"Den_fruit_shop",0
"Den_cafeterias_shop",0
"Den_intersection",0
"Den_busstop",0
